{"cameraMode":{"drawMode":0,"name":"Shaded","section":"Shading Mode"},"sceneLighting":false,"audioPlay":false,"sceneViewState":{"m_AlwaysRefresh":false,"showFog":true,"showSkybox":false,"showFlares":true,"showImageEffects":true,"showParticleSystems":true,"showVisualEffectGraphs":true,"m_FxEnabled":true},"in2DMode":false,"pivot":{"x":0.02907693386077881,"y":-1.0279325246810914,"z":1.849062204360962},"rotation":{"x":0.10002769529819489,"y":-0.7136199474334717,"z":0.1041320189833641,"w":0.6854913830757141},"size":1.7116351127624512,"orthographic":false}